一、用户权限控制  
1. 创建p1、p2、p3三个用户，并分别赋予不同权限  

C:\Users\Xiaotong>mysql -uroot -p  
Enter password: **********  
Welcome to the MariaDB monitor.  Commands end with ; or \g.  
Your MariaDB connection id is 13  
Server version: 10.5.1-MariaDB mariadb.org binary distribution  
  
Copyright (c) 2000, 2018, Oracle, MariaDB Corporation Ab and others.  
  
Type 'help;' or '\h' for help. Type '\c' to clear the current input statement.  
  
MariaDB [(none)]> create user 'xiaozhang'@'%' identified by 'password';  
Query OK, 0 rows affected (0.080 sec)  
  
MariaDB [(none)]> grant usage on *.* to 'p1'@'localhost' identified by '123';  
Query OK, 0 rows affected (0.124 sec)  
  
MariaDB [(none)]> grant usage on *.* to 'p2'@'localhost' identified by '123';  
Query OK, 0 rows affected (0.030 sec)  
  
MariaDB [(none)]> grant usage on *.* to 'p3'@'localhost' identified by '123';  
Query OK, 0 rows affected (0.121 sec)  
  
MariaDB [(none)]> grant all privileges on accquaintance.* to 'p2'@'localhost' with grant option;  
Query OK, 0 rows affected (0.118 sec)  
  
MariaDB [(none)]> grant all privileges on grade.* to 'p3'@'localhost' with grant option;  
Query OK, 0 rows affected (0.131 sec)  
  
MariaDB [(none)]> show grants for 'p1'@'localhost';  
+-----------------------------------------------------------------------------------------------------------+  
| Grants for p1@localhost                                                                                   |  
+-----------------------------------------------------------------------------------------------------------+  
| GRANT USAGE ON *.* TO `p1`@`localhost` IDENTIFIED BY PASSWORD '*23AE809DDACAF96AF0FD78ED04B6A265E05AA257' |  
| GRANT ALL PRIVILEGES ON `learning`.* TO `p1`@`localhost` WITH GRANT OPTION                                |  
+-----------------------------------------------------------------------------------------------------------+  
2 rows in set (0.000 sec)  
  
MariaDB [(none)]> create role 'teacher','student';  
Query OK, 0 rows affected (0.120 sec)  
  
MariaDB [(none)]> grant all on learning.* to 'student';  
Query OK, 0 rows affected (0.026 sec)  
  
MariaDB [(none)]> grant select on learning.* to 'teacher';  
Query OK, 0 rows affected (0.117 sec)  
  
MariaDB [(none)]> grant insert,update,delete on learning.* to 'student','teacher';  
Query OK, 0 rows affected (0.023 sec)  
  
MariaDB [(none)]> revoke insert,update,delete on learning.* from 'student';  
Query OK, 0 rows affected (0.117 sec)  
  
MariaDB [(none)]> grant 'student' to 'p2'@'localhost';  
Query OK, 0 rows affected (0.125 sec)  
  
MariaDB [(none)]> grant 'teacher' to 'p3'@'localhost';  
Query OK, 0 rows affected (0.146 sec)  
  
MariaDB [(none)]> show grants for 'p2'@'localhost';  
+-----------------------------------------------------------------------------------------------------------+  
| Grants for p2@localhost                                                                                   |  
+-----------------------------------------------------------------------------------------------------------+  
| GRANT `student` TO `p2`@`localhost`                                                                       |  
| GRANT USAGE ON *.* TO `p2`@`localhost` IDENTIFIED BY PASSWORD '*23AE809DDACAF96AF0FD78ED04B6A265E05AA257' |  
| GRANT ALL PRIVILEGES ON `accquaintance`.* TO `p2`@`localhost` WITH GRANT OPTION                           |  
+-----------------------------------------------------------------------------------------------------------+  
3 rows in set (0.001 sec)  
  
2. 以用户p1的身份使用数据库，验证权限  

C:\Users\Xiaotong>mysql -up1 -p123  
Welcome to the MariaDB monitor.  Commands end with ; or \g.  
Your MariaDB connection id is 21  
Server version: 10.5.1-MariaDB mariadb.org binary distribution  
  
Copyright (c) 2000, 2018, Oracle, MariaDB Corporation Ab and others.  
  
Type 'help;' or '\h' for help. Type '\c' to clear the current input statement.  
  
MariaDB [(none)]> use learning;  
Database changed  
MariaDB [learning]> use grade;  
ERROR 1044 (42000): Access denied for user 'p1'@'localhost' to database 'grade'  
  
二、批处理  
C:\Users\Xiaotong>mysql -uroot -p -D grade < "F:\课程\10 数据库原理\20200413\t_student.sql"  
Enter password: **********  
  
C:\Users\Xiaotong>mysql -uroot -p  
Enter password: **********  
Welcome to the MariaDB monitor.  Commands end with ; or \g.  
Your MariaDB connection id is 33  
Server version: 10.5.1-MariaDB mariadb.org binary distribution  
  
Copyright (c) 2000, 2018, Oracle, MariaDB Corporation Ab and others.  
  
Type 'help;' or '\h' for help. Type '\c' to clear the current input statement.  
  
MariaDB [(none)]> use grade;  
Database changed  
MariaDB [grade]> show tables;  
+-----------------+  
| Tables_in_grade |  
+-----------------+  
| t_student       |  
+-----------------+  
1 row in set (0.002 sec)  
  
MariaDB [grade]> select * from t_student;  
+--------+----------+-----------+---------+---------+  
| STU_ID | STU_NAME | STU_CLASS | STU_SEX | STU_AGE |  
+--------+----------+-----------+---------+---------+  
|   1234 | 寺       |         3 | 女      |      23 |  
|   1344 | 寺       |        45 | 女      |      23 |  
|   1890 | ui       |         0 | 23      |       0 |  
|   2000 | 小王     |         1 | 男      |      12 |  
|   2001 | afa      |         1 | 男      |      13 |  
|   2002 | vaa      |         1 | 男      |      23 |  
|   2003 | dfvca    |         2 | 男      |       3 |  
|   2004 | efa      |         1 | 女      |       4 |  
|   2005 | acva     |         2 | 男      |      12 |  
|   2006 | cvsa     |         1 | 女      |      12 |  
|   2007 | csa      |         1 | 女      |      10 |  
|   2008 | 吕g      |         1 | 女      |      12 |  
|   2009 | dfa      |         1 | 男      |      12 |  
|   2010 | sa       |         1 | 女      |      12 |  
|   2011 | et       |         2 | 男      |      12 |  
|   2012 | vdgv     |         2 | 男      |      11 |  
|   2013 | qwe      |         1 | 女      |      12 |  
|   2014 | hj       |         1 | 女      |      12 |  
|   2015 | fvb      |         2 | 男      |      13 |  
|   2016 | hgb      |         1 | 男      |      13 |  
|   2017 | fa       |         1 | 女      |      12 |  
|   2018 | afa      |         2 | 男      |      23 |  
|   2019 | yr       |         1 | 男      |      12 |  
|   2020 | uk       |         1 | 女      |       5 |  
|   2021 | oph      |         1 | 男      |      12 |  
|   2145 | 入       |         2 | 男      |      56 |  
|   2345 | gg       |         2 | 女      |      12 |  
+--------+----------+-----------+---------+---------+  
27 rows in set (0.126 sec)  
